"Date caught","Catcher","Type","Weight","Reaction Time (ms)","Last updated: Thu Jan 09 23:57:21 PST 2014"
2013-12-19 16:24:27,caretcaret,bulky skilfish,26.6691,0
2013-12-29 02:20:09,SUSAltd,voluminous winterfish,26.6436,0
2013-12-20 19:24:54,rmdashrf,heavy jingling sturgeon,25.0506,0
2014-01-01 11:30:49,SUSAltd,sizable ornamentfish,24.9864,0
2014-01-07 23:12:35,SUSAltd,fat oarfish,23.6575,1389165155588
2013-12-15 23:59:05,jeffmeng,hefty gibberfish,23.4079,0
2013-12-19 13:57:10,jeffmeng,heavy jolly x-ray fish,23.0313,0
2013-12-20 21:09:49,Zorael,bulky holly plunderfish,22.6087,0
2013-12-15 00:02:11,SUSAltd,sizable combfish,22.434,0
2013-12-15 14:59:34,SUSAltd,bloated squawfish,22.4085,0
2013-12-18 23:22:36,tetranoir,gigantic presentfish,22.3878,0
2013-12-18 23:01:13,SUSAltd,jumbo trunkfish,22.0351,0
2013-12-15 23:53:43,SUSAltd,huge ray,22.0191,0
2013-12-19 01:10:15,tetranoir,heavy frosty tetrafish,21.2182,0
2013-12-15 00:48:18,nguyen,commodious pigfish,21.2072,0
2013-12-19 01:08:57,SUSAltd,bulky winterfish,20.9545,0
2014-01-02 16:51:56,SUSAltd,prodigious lizardfish,20.8365,0
2014-01-01 21:27:30,SUSAltd,capacious lizardfish,20.5627,0
2013-12-18 23:52:40,SUSAltd,oversized needlefish,20.2732,0
2013-12-19 15:08:42,Zoraelphone,jumbo yellowtail,20.2626,0
2013-12-19 17:50:32,Zorael,heavy jinglefish,19.7783,0
2013-12-19 21:02:35,tetranoir,well-endowed Christmasfish,19.6999,0
2013-12-17 16:35:18,jeffmeng,super-colossal lungfish,19.5645,0
2013-12-19 18:08:21,Zorael,immense festive snowmanfish,19.4485,0
2014-01-04 01:32:42,SUSAltd,humongous oilfish,19.3409,0
2013-12-28 03:30:45,caretcaret,huge wintry reindeerfish,19.2969,0
2013-12-21 17:02:22,tetranoir,gargantuan snowfish,18.959,0
2013-12-28 20:37:51,SUSAltd,hulking snowfish,18.9118,0
2013-12-20 01:22:52,jeffmeng,enormous snowfish,18.6481,0
2013-12-16 00:08:04,SUSAltd,capacious pineconefish,18.585,0
2014-01-02 12:03:50,SUSAltd,muscly tejfish,18.2103,0
2014-01-08 01:55:26,SUSAltd,massive medusafish,18.1513,1389174926586
2013-12-15 16:42:06,jeffmeng,glowing filefish,17.9897,0
2013-12-18 18:57:27,satrix,festive bandfish,17.8417,0
2013-12-15 02:25:44,SUSAltd,volatile flyingfish,17.6761,0
2013-12-18 23:05:41,jeffmeng,electric ornamentfish,17.4663,0
2013-12-15 00:10:24,jeffmeng,noxious four-eyed fish,17.4477,0
2013-12-28 21:12:35,SUSAltd,wintry jinglefish,17.4246,0
2013-12-16 19:25:33,SUSAltd,pampered Santafish,17.4158,0
2014-01-08 03:49:23,SUSAltd,steamed triggerfish,17.382,1389181763773
2013-12-19 21:18:56,caretcaret,high coffinfish,17.1417,0
2013-12-20 21:47:58,rmdashrf,resplendent snowfish,16.9124,0
2013-12-16 16:45:56,SUSAltd,electronic snowfish,16.9039,0
2014-01-08 02:00:10,SUSAltd,chocolate-covered sand diver,16.7448,1389175210004
2013-12-17 21:59:51,SUSAltd,one-legged presentfish,16.6374,0
2013-12-19 19:55:29,SUSAltd,fabulous flyingfish,16.6354,0
2013-12-28 01:02:30,tetranoir,frozen sleighfish,16.5437,0
2014-01-07 23:33:55,SUSAltd,professional zebrafish,16.5132,1389166435695
2013-12-18 21:20:12,SUSAltd,rainbow carp,16.4796,0
2014-01-07 21:04:53,SUSAltd,flawless jellyfish,16.419,722
2013-12-17 16:41:04,jeffmeng,nice soldierfish,16.3402,0
2013-12-16 01:04:39,j39m,explosive guitarfish,16.316,0
2014-01-08 02:03:32,SUSAltd,noxious springfish,16.3151,1389175412488
2014-01-04 22:56:11,SUSAltd,poisonous coelacanth,16.2309,3196
2014-01-07 23:57:38,SUSAltd,glass spookfish,15.9483,1389167858475
2013-12-19 16:14:26,jeffmeng,quintessential flyingfish,15.8401,0
2014-01-01 18:07:05,SUSAltd,greedy stonefish,15.7761,0
2013-12-15 00:50:53,jeffmeng,despicable spadefish,15.7598,0
2013-12-17 21:42:33,SUSAltd,robotic snowmanfish,15.7229,0
2013-12-18 01:37:30,SUSAltd,radioactive reindeerfish,15.561,0
2013-12-28 00:59:15,SUSAltd,fallacious snowfish,15.5383,0
2014-01-02 00:51:07,SUSAltd,quintessential jawfish,15.409,0
2014-01-01 11:28:22,SirSUSA,wintry stingfish,15.3657,0
2013-12-14 23:25:19,jeffmeng,cool blackfish,15.3566,0
2013-12-19 02:51:21,SUSAltd,unique sand diver,15.3312,0
2013-12-14 21:22:21,jeffmeng,steamed mackerel,15.1104,0
2013-12-19 22:37:21,caretcaret,festive iciclefish,15.0738,0
2013-12-18 00:06:31,tmodi,electric anenomefish,15.069,0
2013-12-20 16:22:12,SUSAltd,nice coelacanth,15.0201,0
2014-01-04 02:03:59,SBot,Arctic treefish,14.9764,0
2013-12-16 20:50:24,jeffmeng,frosty iciclefish,14.8692,0
2013-12-16 02:53:26,SUSAltd,one-legged springfish,14.855,0
2013-12-20 22:00:49,jeffmeng,frosty tinselfish,14.801,0
2013-12-28 17:09:25,SUSAltd,electric Christmasfish,14.7965,0
2014-01-01 18:14:16,jeffmeng,slithering scabbardfish,14.791,0
2014-01-07 22:44:34,SUSAltd,three-legged minnow,14.7057,1389163474491
2013-12-14 21:31:25,SUSAltd,despicable lungfish,14.6283,0
2013-12-16 16:20:59,SUSAltd,happy piranha,14.5798,0
2013-12-14 23:59:18,jeffmeng,European poolfish,14.5623,0
2013-12-21 15:02:04,tetranoir,gregarious Santafish,14.5054,0
2013-12-14 13:57:01,jeffmeng,frozen carpsucker,14.4862,0
2013-12-21 17:04:13,jeffmeng,snowy iciclefish,14.4011,0
2014-01-08 01:53:04,SUSAltd,unique angler,14.3851,1389174784776
2013-12-19 02:05:08,SUSAltd,beached angelfish,14.3308,0
2013-12-20 17:47:20,satrix,gift-giving ornamentfish,14.3147,0
2014-01-07 21:18:15,caretcaret,rainbow snailfish,14.3128,1389158295487
2013-12-17 19:57:55,jeffmeng,naughty elephantnose fish,14.2638,0
2013-12-17 16:24:02,SUSAltd,snowy thornfish,14.2395,0
2013-12-20 16:19:43,tetranoir,wintry snowmanfish,14.116,0
2013-12-18 21:46:53,SUSAltd,happy blackfish,14.0858,0
2013-12-17 21:39:23,tmodi,frosty quillfish,13.9783,0
2014-01-02 15:42:39,SUSAltd,radiant flounder,13.9453,0
2013-12-18 20:48:23,tetranoir,wintry butterflyfish,13.9299,0
2013-12-19 17:53:33,Zorael,merry squirrelfish,13.9072,0
2014-01-03 22:17:36,SUSAltd,poisonous pineapplefish,13.8555,0
2013-12-19 17:31:23,SUSAltd,chilly sleighfish,13.811,0
2013-12-14 02:28:36,SUSAltd,radiant squaretail,13.8093,0
2013-12-29 02:07:59,tetranoir,radiant jawfish,13.7277,0
2014-01-07 23:13:41,SBot,electronic shark,13.6141,1389165221176
2013-12-17 20:30:27,satrix,steamed tinselfish,13.6131,0
2013-12-14 23:32:06,SUSAltd,dead lionfish,13.6031,0
2014-01-04 00:25:45,SUSAltd,lazy coelacanth,13.5662,0
2013-12-19 17:38:36,satrix,keen presentfish,13.5078,0
2013-12-17 19:46:14,jeffmeng,bigeye tejfish,13.4738,0
2013-12-21 20:02:57,tetranoir,wintry elffish,13.4295,0
2013-12-19 22:54:37,SUSAltd,nippy kelpfish,13.4258,0
2013-12-15 14:41:20,SirSUSA,Arctic telescopefish,13.3807,0
2013-12-19 19:56:32,jeffmeng,icy tinselfish,13.3533,0
2014-01-07 22:55:49,SUSAltd,blanched flagfin,13.3245,1389164149758
2013-12-19 00:39:32,jeffmeng,wintry whalefish,13.2644,0
2013-12-19 20:58:34,SUSAltd,naughty swordfish,13.2318,0
2013-12-14 20:35:12,SUSAltd,amazing archerfish,13.0927,0
2014-01-07 23:18:25,SUSAltd,chocolate-covered halibut,13.0734,1389165505202
2014-01-08 00:40:49,SUSAltd,oppressed halibut,12.8914,1389170449135
2013-12-18 23:07:51,j39m,frozen tinselfish,12.8897,0
2013-12-15 00:12:59,SUSAltd,leopard-spotted treefish,12.8851,0
2013-12-17 15:58:02,SUSAltd,frosty elffish,12.8408,0
2014-01-03 23:45:12,legoktm,lovely shamanfish,12.7915,0
2013-12-16 18:23:45,jeffmeng,oxidized cavefish,12.7338,0
2014-01-06 18:33:58,SUSAltd,gregarious leaffish,12.6842,1165
2013-12-15 01:10:26,jeffmeng,slippery perch,12.6478,0
2013-12-15 02:18:50,SUSAltd,magical nibblefish,12.6197,0
2014-01-06 23:12:47,SUSAltd,unanimous manefish,12.5724,3633
2013-12-14 23:15:32,SUSAltd,unanimous icefish,12.5295,0
2013-12-17 19:34:57,SUSAltd,snowy legofish,12.5279,0
2013-12-17 22:41:47,tmodi,nippy ornamentfish,12.5149,0
2013-12-15 18:01:55,SUSAltd,Asian platyfish,12.5135,0
2013-12-14 02:25:45,j39m,slippery glassfish,12.5101,0
2013-12-16 18:50:57,tetranoir,snowy presentfish,12.4916,0
2013-12-18 20:01:56,satrix,resplendent reindeerfish,12.4652,0
2013-12-14 14:03:17,jeffmeng,despicable kelpfish,12.4337,0
2013-12-19 22:06:56,jeffmeng,frosty carp,12.4169,0
2014-01-02 16:15:58,tetranoir,armoured salmon,12.4105,0
2013-12-14 13:55:32,SUSAltd,glass stingray,12.4086,0
2014-01-07 23:07:26,caretcaret,dangerous unicornfish,12.2653,1389164846118
2014-01-01 18:34:35,jeffmeng,radioactive x-ray fish,12.2248,0
2013-12-18 19:24:07,tetranoir,insidious leaffish,12.2118,0
2013-12-19 20:11:30,jeffmeng,robotic needlefish,12.1689,0
2014-01-04 00:53:22,SUSAltd,lovely man-of-war fish,12.1435,0
2013-12-15 00:29:42,SUSAltd,poisonous poolfish,12.111,0
2013-12-20 16:40:36,SUSAltd,festive iciclefish,12.1104,0
2014-01-07 23:06:39,SBot,frozen pollyfish,12.1,1389164799400
2013-12-17 23:49:47,SUSAltd,nice fangtooth,12.0234,0
2014-01-01 02:37:20,jeffmeng,frozen whitefish,11.9356,0
2013-12-22 00:17:55,SUSAltd,slithering tadpolefish,11.9131,0
2013-12-20 23:51:05,jeffmeng,chocolate-covered gibberfish,11.9097,0
2014-01-04 00:40:26,SUSAltd,radioactive redfish,11.8912,0
2013-12-16 15:47:28,SUSAltd,gregarious sleighfish,11.8455,0
2014-01-07 23:50:56,SUSAltd,robotic cod,11.8202,1389167456238
2013-12-17 23:07:24,jeffmeng,chilly winterfish,11.8114,0
2013-12-20 19:17:01,SUSAltd,happy man-of-war fish,11.8086,0
2014-01-06 22:49:26,SUSAltd,resplendent platyfish,11.8079,1389077366609
2013-12-19 21:08:31,jeffmeng,spike-tailed telescopefish,11.7989,0
2013-12-15 03:09:45,SUSAltd,slithering dragonfish,11.7682,0
2013-12-19 21:05:23,caretcaret,glowing iciclefish,11.7117,0
2013-12-19 01:56:11,jeffmeng,metal Christmasfish,11.7083,0
2013-12-20 01:41:22,SUSAltd,spike-tailed poolfish,11.6901,0
2013-12-20 17:44:43,satrix,jingling winterfish,11.6792,0
2013-12-27 23:08:22,SUSAltd,frosty tinselfish,11.604,0
2013-12-22 12:42:22,SUSAltd,keen glassfish,11.5313,0
2013-12-28 18:11:02,SUSAltd,lazy iciclefish,11.5132,0
2014-01-01 20:52:47,jeffmeng,secret jellyfish,11.4991,0
2014-01-08 01:58:32,SUSAltd,dead lightfish,11.4797,1389175112111
2013-12-18 23:34:53,caretcaret,red-hot kelpfish,11.4492,0
2013-12-19 22:31:30,caretcaret,icy scorpionfish,11.4449,0
2013-12-21 16:49:39,Zorael,wintry sleighfish,11.4331,0
2013-12-18 19:30:48,satrix,burning Santafish,11.4224,0
2014-01-01 21:03:11,SUSAltd,beached legofish,11.4183,0
2014-01-04 01:48:56,SUSAltd,awkward jellynose fish,11.4176,0
2014-01-01 20:33:41,SUSAltd,zealous perch,11.3961,0
2013-12-19 13:58:17,Zorael,shiny jawfish,11.3686,0
2013-12-18 15:00:40,jeffmeng,scorching elffish,11.3485,0
2013-12-17 19:58:29,SUSAltd,festive winterfish,11.341,0
2013-12-19 21:43:50,SUSAltd,jingling winterfish,11.3392,0
2014-01-07 23:32:34,jeffmeng,red-hot eagle ray,11.3235,1389166354048
2013-12-20 19:16:11,tetranoir,radioactive snowfish,11.3038,0
2014-01-07 23:08:15,SBot,rich tonguefish,11.2728,1389164895271
2013-12-16 17:35:04,caretcaret,leopard-spotted gulper,11.2578,0
2013-12-17 01:49:38,SUSAltd,radiant winterfish,11.2305,0
2013-12-14 23:13:03,jeffmeng,genetically modified angelfish,11.216,0
2013-12-14 02:38:49,SUSAltd,magical beardfish,11.214,0
2013-12-17 23:51:14,jeffmeng,gift-giving weeverfish,11.1911,0
2013-12-21 21:07:03,SUSAltd,secret jawfish,11.1615,0
2014-01-07 23:24:27,SUSAltd,frozen leaffish,11.1384,1389165867663
2013-12-14 23:11:27,SUSAltd,steaming marblefish,11.1265,0
2013-12-19 18:31:19,satrix,naughty flathead,11.0234,0
2013-12-20 23:20:58,SUSAltd,spiky iciclefish,11.0172,0
2013-12-20 01:24:10,SUSAltd,malnourished sleighfish,11.0155,0
2013-12-18 00:13:07,SUSAltd,professional elffish,10.9553,0
2013-12-16 16:47:22,jeffmeng,professional fish,10.92,0
2014-01-02 11:41:47,SUSAltd,delirious zebrafish,10.9121,0
2013-12-20 18:18:08,SUSAltd,metal longfin,10.8685,0
2013-12-28 22:11:57,jeffmeng,volatile jinglefish,10.806,0
2014-01-01 21:08:28,SUSAltd,explosive leaffish,10.7937,0
2013-12-27 13:20:47,SUSAltd,nippy tinselfish,10.7337,0
2013-12-19 15:43:06,Zoraelphone,scorched winterfish,10.6846,0
2013-12-16 21:24:26,tmodi,holly Christmasfish,10.6604,0
2013-12-20 16:41:51,tetranoir,steamed lancetfish,10.6427,0
2013-12-20 22:09:50,caretcaret,jolly nwinfish,10.6237,0
2013-12-17 19:38:28,jeffmeng,gift-giving dragonet,10.5893,0
2013-12-19 18:25:49,caretcaret,three-legged marblefish,10.5576,0
2014-01-08 02:33:38,SUSAltd,magical electric ray,10.5517,1389177218381
2013-12-28 20:39:35,caretcaret,volatile pufferfish,10.5444,0
2014-01-05 00:11:31,jeffmeng,explosive damselfish,10.5284,2768
2013-12-21 01:52:45,SUSAltd,rich killifish,10.5131,0
2014-01-04 22:00:36,SUSAltd,robotic trout,10.5076,1439
2013-12-14 23:22:20,SUSAltd,eerie x-ray fish,10.4568,0
2013-12-20 17:35:35,SUSAltd,chilly sandfish,10.4058,0
2013-12-17 01:18:46,SUSAltd,flawless winterfish,10.3883,0
2014-01-08 00:26:01,SUSAltd,European pearlfish,10.3688,1389169561334
2013-12-27 16:42:53,SUSAltd,glow-in-the-dark soldierfish,10.3358,0
2013-12-21 17:30:12,Zorael,icy graveldiver,10.2553,0
2013-12-19 23:14:15,SUSAltd,gift-giving presentfish,10.2422,0
2014-01-03 21:30:15,SUSAltd,burning flagfish,10.2069,0
2013-12-21 14:43:50,XMASltd,gift-giving pearlfish,10.1563,0
2013-12-17 20:23:25,jeffmeng,uncomfortable waryfish,10.1553,0
2013-12-19 16:32:20,SUSAltd,gregarious lanternfish,10.1427,0
2013-12-18 21:54:47,jeffmeng,nosey winterfish,10.1033,0
2014-01-01 21:07:10,Daliann,slithering cavefish,10.1005,0
2014-01-04 00:07:00,tetranoir,cool pineconefish,10.085,0
2014-01-07 21:27:39,SUSAltd,jocular graveldiver,10.077,1389158859427
2013-12-19 18:05:07,Zorael,icy dogfish,10.0492,0
2014-01-04 00:23:45,SUSAltd,glow-in-the-dark footballfish,9.9918,0
2014-01-04 19:59:22,SUSAltd,gregarious lionfish,9.9544,0
2013-12-14 23:51:40,SUSAltd,secret porcupinefish,9.95,0
2014-01-08 02:04:52,SUSAltd,three-legged reedfish,9.9486,1389175492185
2013-12-20 21:16:28,SUSAltd,three-legged elffish,9.9461,0
2013-12-15 00:05:59,jeffmeng,musical filefish,9.9427,0
2013-12-17 20:47:17,SUSAltd,chilly tonguefish,9.868,0
2013-12-19 17:59:17,SUSAltd,keen Christmasfish,9.8341,0
2013-12-20 21:43:53,SUSAltd,holly Santafish,9.7992,0
2013-12-20 23:25:25,caretcaret,glass plunderfish,9.7831,0
2013-12-17 21:06:49,SUSAltd,snowy presentfish,9.765,0
2014-01-05 00:22:32,sbot,zealous lungfish,9.6875,1261
2013-12-21 17:12:59,tetranoir,malnourished reindeerfish,9.6627,0
2013-12-15 18:30:14,SUSAltd,armoured scorpionfish,9.6286,0
2013-12-18 14:56:19,SUSAltd,winged elffish,9.6165,0
2014-01-06 22:38:21,jeffmeng,secret carp,9.6106,3022
2014-01-09 23:57:11,SUSAltd,burning lizardfish,9.61,490
2013-12-16 16:18:11,tmodi|2,nice eagle ray,9.5869,0
2014-01-07 00:08:25,SUSAltd,winged gulper,9.5244,1968
2013-12-22 16:18:41,SUSAltd,chilly piranha,9.5,0
2013-12-14 02:27:42,SUSAltd,rainbow salmon,9.4951,0
2014-01-01 11:34:12,SUSAltd,fallacious frogfish,9.4951,0
2013-12-19 22:08:40,SUSAltd,merry snowmanfish,9.4866,0
2014-01-04 02:18:29,SUSAltd,amazing viperfish,9.4859,0
2013-12-28 21:57:02,SUSAltd,jolly gulper,9.453,0
2013-12-20 22:08:43,jeffmeng,secret snowmanfish,9.4493,0
2013-12-14 23:26:24,tmodi,haunted sole,9.4438,0
2013-12-15 17:10:00,SUSAltd,wiggly wormfish,9.4291,0
2013-12-15 02:11:20,SUSAltd,hairy nwinfish,9.4255,0
2014-01-04 01:06:38,jeffmeng,explosive shark,9.4249,0
2013-12-19 01:52:01,jeffmeng,Arctic jinglefish,9.3785,0
2014-01-04 00:03:55,SUSAltd,electric buffalofish,9.3495,0
2013-12-19 14:04:06,SUSAltd,icy sleighfish,9.3452,0
2013-12-19 18:26:24,SUSAltd,spike-tailed loach,9.3419,0
2013-12-19 17:51:18,satrix,chilly iciclefish,9.2932,0
2014-01-03 22:30:49,SUSAltd,three-legged poolfish,9.2902,0
2013-12-15 23:54:19,jeffmeng,burning elephantnose fish,9.2883,0
2013-12-18 20:54:17,SUSAltd,naughty presentfish,9.2841,0
2013-12-14 02:22:05,j39m,uncomfortable algae-eater,9.2683,0
2013-12-19 14:09:43,SUSAltd,frosty salmon,9.2153,0
2013-12-19 18:06:50,Zorael,happy squaretail,9.2095,0
2013-12-20 22:07:43,rmdashrf,wintry handfish,9.1953,0
2013-12-14 20:32:40,SirSUSA,amazing flyingfish,9.18,0
2013-12-15 14:46:28,tmodi,resplendent shark,9.1651,0
2014-01-07 20:40:40,SUSAltd,slippery coelacanth,9.1546,789
2013-12-14 02:25:14,SUSAltd,poisonous anchovy,9.1101,0
2013-12-19 02:46:44,SUSAltd,shiny bass,9.1038,0
2013-12-19 02:00:32,jeffmeng,zealous pilotfish,9.1031,0
2013-12-15 02:42:16,jeffmeng,burning x-ray fish,9.0855,0
2013-12-20 18:27:27,tetranoir1,literary presentfish,9.0778,0
2014-01-04 02:17:20,SUSAltd,fabulous velvetfish,9.0092,0
2013-12-19 01:48:51,SUSAltd,gregarious medusafish,9.0064,0
2014-01-02 11:30:29,SUSAltd,winged pollyfish,8.9872,0
2013-12-16 00:48:51,j39m,European weeverfish,8.9668,0
2013-12-21 14:00:21,SUSAltd,holly ponyfish,8.9616,0
2013-12-21 14:43:29,jeffmeng,icy Santafish,8.9398,0
2014-01-07 23:04:10,SUSAltd,expressive butterflyfish,8.9383,1389164650562
2013-12-16 00:36:52,jeffmeng,Asian springfish,8.9135,0
2013-12-21 18:21:24,tetranoir,nippy poolfish,8.8846,0
2013-12-19 14:11:43,Zorael,flawless tinselfish,8.8811,0
2013-12-20 00:57:47,jeffmeng,secret trumpetfish,8.8641,0
2014-01-04 01:01:39,SBot,spiky jellynose fish,8.8547,0
2014-01-08 01:10:49,SUSAltd,shiny kingfish,8.8288,1389172249214
2014-01-09 23:43:46,SUSAltd,slithering shamanfish,8.82,907
2013-12-16 19:33:42,tetranoir,cool minnow,8.819,0
2013-12-27 16:33:21,SUSAltd,nippy snowfish,8.8142,0
2013-12-15 19:31:44,SUSAltd,robotic pipefish,8.8134,0
2013-12-14 02:24:21,j39m,glass herring,8.8123,0
2013-12-20 16:18:41,SUSAltd,chilly milkfish,8.7477,0
2014-01-08 00:57:47,SBot,spiky blackfish,8.6981,1389171467567
2013-12-19 18:01:39,tmodi,snowy Christmasfish,8.6577,0
2014-01-02 17:48:24,SBot,X-rated tripodfish,8.6531,0
2013-12-28 22:10:46,SUSAltd,leopard-spotted ornamentfish,8.6264,0
2013-12-15 02:09:14,SUSAltd,glow-in-the-dark pufferfish,8.6247,0
2013-12-16 18:39:16,tmodi,bigeye tetrafish,8.616,0
2014-01-04 00:11:32,SUSAltd,professional triggerfish,8.6108,0
2013-12-15 18:14:47,SUSAltd,awkward tripodfish,8.5963,0
2014-01-02 18:08:55,SUSAltd,awkward oarfish,8.5843,0
2013-12-19 16:20:10,SUSAltd,holly swordfish,8.5759,0
2013-12-28 20:29:07,SUSAltd,nosey Christmasfish,8.5574,0
2013-12-19 18:56:41,Zorael,gift-giving poolfish,8.5499,0
2013-12-20 00:10:36,SirSUSA,hairy stingfish,8.5413,0
2013-12-28 03:46:00,caretcaret,beached winterfish,8.5292,0
2013-12-17 20:35:14,satrix,oxidized surgeonfish,8.4625,0
2013-12-15 00:46:01,SUSAltd,spike-tailed gunard,8.4324,0
2014-01-08 03:53:05,SUSAltd,uncomfortable pencilfish,8.4313,1389181985216
2013-12-19 13:53:10,SUSAltd,electric snowmanfish,8.4312,0
2014-01-01 20:56:09,SUSAltd,high treefish,8.4305,0
2014-01-04 02:10:26,SBot,X-rated soldierfish,8.4289,0
2013-12-15 19:39:31,SUSAltd,radiant graveldiver,8.4178,0
2013-12-14 20:53:14,tmodi,electronic coffinfish,8.4095,0
2013-12-16 20:11:29,SUSAltd,naughty herring,8.4033,0
2013-12-17 20:43:50,jeffmeng,jolly pricklefish,8.4002,0
2013-12-18 20:09:35,SUSAltd,happy jinglefish,8.3918,0
2013-12-19 17:36:10,SUSAltd,spiky reindeerfish,8.2667,0
2013-12-14 23:16:45,jeffmeng,delirious graveldiver,8.266,0
2013-12-15 21:57:31,SUSAltd,red-hot nurseryfish,8.2648,0
2013-12-20 21:07:59,SUSAltd,jolly archerfish,8.2336,0
2013-12-15 20:42:57,jeffmeng,delirious sand diver,8.223,0
2013-12-15 01:11:14,SUSAltd,quintessential flyingfish,8.1961,0
2014-01-04 00:26:57,SBot,rainbow hatchetfish,8.195,0
2013-12-28 17:47:24,SUSAltd,chocolate-covered guitarfish,8.1236,0
2013-12-20 00:23:30,jeffmeng,wiggly anenomefish,8.0821,0
2013-12-19 00:11:16,SUSAltd,holly dogfish,8.0481,0
2013-12-16 15:56:55,SUSAltd,glass winterfish,8.0477,0
2014-01-02 13:11:47,SUSAltd,Asian oarfish,8.0257,0
2014-01-03 22:54:26,SUSAltd,uncomfortable glassfish,8.0218,0
2013-12-21 21:27:21,tetranoir,festive Santafish,8.0155,0
2013-12-19 18:51:58,satrix,nice presentfish,7.9948,0
2014-01-08 02:02:00,SUSAltd,shiny cutlassfish,7.9916,1389175320139
2013-12-14 20:47:16,SUSAltd,jocular goby,7.9841,0
2014-01-08 03:07:46,SUSAltd,radiant milkfish,7.978,1389179266181
2013-12-21 20:04:51,caretcaret,despicable cavefish,7.9375,0
2013-12-22 02:20:21,SUSAltd,icy jinglefish,7.931,0
2013-12-20 19:39:01,SUSAltd,jolly dartfish,7.9069,0
2014-01-04 00:42:13,SBot,radioactive 39fish,7.8972,0
2013-12-20 16:16:17,jeffmeng,chilly pupfish,7.8889,0
2014-01-04 00:10:24,SBot,cool dragonfish,7.8571,0
2013-12-28 03:47:27,tetranoir,snowy hogsucker,7.7954,0
2013-12-21 17:29:30,XMASltd,gift-giving ornamentfish,7.7492,0
2013-12-19 16:29:30,satrix,literary jinglefish,7.7455,0
2013-12-18 20:51:12,tetranoir,insidious snowmanfish,7.7351,0
2014-01-07 23:14:35,SUSAltd,one-legged lanternfish,7.6815,1389165275654
2014-01-08 03:20:09,SUSAltd,steaming manta ray,7.6666,1389180009832
2014-01-08 01:09:21,SUSAltd,uncomfortable paradise fish,7.6575,1389172161070
2013-12-19 19:42:08,SUSAltd,metal butterflyfish,7.6248,0
2014-01-08 00:01:30,SUSAltd,despicable featherback,7.6239,1389168090589
2014-01-02 17:25:50,tetranoir,quintessential four-eyed fish,7.613,0
2013-12-19 21:48:47,caretcaret,icy alligatorfish,7.6007,0
2013-12-20 17:49:49,jeffmeng,holly reindeerfish,7.5786,0
2013-12-15 02:56:19,SUSAltd,musical wormfish,7.5738,0
2013-12-15 21:24:49,SUSAltd,radioactive pearlfish,7.5604,0
2014-01-08 02:13:33,SUSAltd,three-legged piranha,7.5452,1389176013679
2013-12-19 01:06:13,SUSAltd,snowy gunard,7.5447,0
2014-01-07 23:27:40,SUSAltd,shiny gunard,7.5378,1389166060385
2013-12-19 17:40:45,satrix,wintry iciclefish,7.531,0
2013-12-19 01:30:08,SUSAltd,frosty jinglefish,7.5304,0
2013-12-19 00:19:59,SUSAltd,jolly winterfish,7.5235,0
2014-01-02 16:09:39,caretcaret,spike-tailed quillfish,7.5047,0
2013-12-16 21:43:15,jeffmeng,nippy elffish,7.4875,0
2013-12-14 21:32:58,jeffmeng,high herring,7.465,0
2013-12-16 19:13:15,tmodi,holly porcupinefish,7.4544,0
2014-01-04 00:45:05,SBot,dead flounder,7.4328,0
2013-12-16 15:43:17,jeffmeng,yellowish snowfish,7.42,0
2013-12-19 15:16:57,Zoraelphone,rich sleighfish,7.3801,0
2013-12-21 17:50:51,SUSAltd,metal weatherfish,7.378,0
2013-12-19 00:54:54,SUSAltd,African rabbitfish,7.3448,0
2013-12-19 16:33:59,jeffmeng,nice filefish,7.3401,0
2013-12-26 16:52:11,SUSAltd,oxidized nibblefish,7.3199,0
2013-12-15 02:55:00,jeffmeng,bigeye lungfish,7.2912,0
2013-12-19 14:34:19,Zoraelphone,scorched reindeerfish,7.2707,0
2014-01-03 23:39:22,SUSAltd,optimal wormfish,7.2673,0
2013-12-27 00:39:39,SUSAltd,unanimous snowmanfish,7.2627,0
2014-01-07 00:43:37,SUSAltd,rich lampfish,7.261,783
2014-01-02 15:26:03,SUSAltd,normal piranha,7.2151,0
2013-12-18 20:58:35,SUSAltd,festive reindeerfish,7.2034,0
2013-12-19 17:54:38,Zorael,musical presentfish,7.1795,0
2013-12-18 23:37:50,nguyen,nice quillfish,7.1762,0
2013-12-19 21:45:35,caretcaret,nippy scabbardfish,7.0888,0
2013-12-15 02:45:58,SUSAltd,Arctic x-ray fish,7.065,0
2013-12-17 23:01:26,SUSAltd,wintry snowfish,7.0602,0
2013-12-16 16:37:55,tetranoir,glow-in-the-dark ornamentfish,7.0529,0
2013-12-28 03:25:34,caretcaret,nice Santafish,7.0456,0
2013-12-21 21:35:02,jeffmeng,jingling prowfish,7.0422,0
2013-12-18 19:00:27,SUSAltd,jingling ladyfish,7.0396,0
2013-12-29 00:48:52,SUSAltd,noxious jinglefish,6.9963,0
2014-01-01 11:29:32,SirSUSA,optimal perch,6.9927,0
2014-01-08 01:42:55,SBot,three-legged spadefish,6.9765,1389174175032
2013-12-16 15:51:33,jeffmeng,oxidized presentfish,6.944,0
2014-01-08 01:38:49,j39m,glowing carp,6.9324,1389173929005
2014-01-06 22:43:31,SUSAltd,normal killifish,6.9036,1389077011798
2013-12-20 16:55:51,jeffmeng,lovely ornamentfish,6.8932,0
2013-12-19 22:28:13,caretcaret,nice jinglefish,6.8832,0
2013-12-17 17:45:35,SUSAltd,normal beardfish,6.8724,0
2014-01-08 02:24:10,SUSAltd,shiny piranha,6.8539,1389176650001
2013-12-20 17:08:46,SUSAltd,red-hot ray,6.8524,0
2014-01-03 21:43:35,SUSAltd,wiggly cherubfish,6.8484,0
2013-12-27 00:41:51,SUSAltd,Asian winterfish,6.8355,0
2013-12-19 15:25:18,Zoraelphone,peaceful surgeonfish,6.8158,0
2013-12-21 16:47:08,jeffmeng,oppresed jinglefish,6.8122,0
2013-12-15 14:48:31,SUSAltd,yellowish four-eyed fish,6.7722,0
2013-12-19 17:56:51,SUSAltd,nippy Christmasfish,6.7672,0
2014-01-02 17:02:53,tetranoir,steaming bandfish,6.737,0
2013-12-18 20:27:00,tetranoir,naughty winterfish,6.7246,0
2013-12-14 02:25:40,j39m,secret clownfish,6.6625,0
2013-12-15 03:14:48,SUSAltd,frozen legofish,6.6463,0
2013-12-28 03:46:05,tetranoir,gift-giving spikefish,6.6342,0
2013-12-16 19:19:57,SUSAltd,gift-giving barreleye,6.6137,0
2013-12-15 15:56:29,jeffmeng,shiny hogsucker,6.6055,0
2013-12-16 15:55:40,tetranoir,shiny mudminnow,6.5697,0
2013-12-20 01:18:59,jeffmeng,rich Christmasfish,6.4965,0
2013-12-19 18:51:13,caretcaret,frosty guppy,6.4761,0
2013-12-20 22:07:04,jeffmeng,steamed beardfish,6.4755,0
2014-01-04 00:48:50,SUSAltd,spiky velvetfish,6.4608,0
2013-12-19 14:51:59,SUSAltd,peaceful frogfish,6.4575,0
2013-12-19 17:55:58,Zorael,one-legged oilfish,6.4383,0
2013-12-17 21:55:12,caretcaret,jolly presentfish,6.4316,0
2013-12-15 02:31:55,nguyentablet,rich leaffish,6.4043,0
2013-12-17 20:29:47,caretcaret,winged jinglefish,6.4022,0
2014-01-02 12:22:39,jeffmeng,explosive redfish,6.3846,0
2014-01-07 23:09:49,SUSAltd,rich pricklefish,6.3844,1389164989040
2013-12-19 18:47:28,jeffmeng,icy sleighfish,6.3715,0
2013-12-20 17:41:37,jeffmeng,nippy pike,6.3708,0
2013-12-21 00:53:04,SUSAltd,resplendent jinglefish,6.3677,0
2013-12-19 18:09:11,SUSAltd,optimal herring,6.3466,0
2013-12-19 17:52:21,Zorael,nice weeverfish,6.306,0
2013-12-18 19:53:46,satrix,unique Santafish,6.2747,0
2013-12-16 21:08:30,caretcaret,scorching snowmanfish,6.2726,0
2013-12-20 16:31:22,jeffmeng,wintry damselfish,6.2644,0
2014-01-04 01:00:26,SUSAltd,hairy killifish,6.2267,0
2013-12-14 02:26:35,SUSAltd,dead pike conger,6.1979,0
2013-12-15 00:42:43,tmodi,wiggly flyingfish,6.1763,0
2013-12-19 01:54:08,tetranoir,Arctic stingray,6.1664,0
2013-12-19 19:38:26,caretcaret,resplendent anchovy,6.1547,0
2013-12-19 18:02:42,Zorael,merry sleighfish,6.14,0
2013-12-19 15:38:08,SUSAltd,magical jinglefish,6.1245,0
2013-12-16 01:59:48,SUSAltd,high satrixfish,6.1045,0
2013-12-28 20:27:35,jeffmeng,nice snowmanfish,6.0564,0
2014-01-01 21:04:04,tetranoir,malnourished squirrelfish,6.0538,0
2014-01-02 15:48:57,SUSAltd,unique glassfish,6.0338,0
2014-01-02 15:35:55,jeffmeng,nosey fangtooth,6.0095,0
2013-12-18 20:03:53,SUSAltd,wicked Santafish,5.9791,0
2014-01-07 23:01:53,SUSAltd,red-hot whalefish,5.9288,1389164513528
2013-12-15 15:57:32,tetranoir,smoked treefish,5.9032,0
2014-01-07 23:05:35,SUSAltd,winged spiderfish,5.9,1389164735715
2014-01-06 18:36:04,SigmaWP,gregarious cavefish,5.8947,3792
2013-12-21 17:22:16,XMASltd,radioactive lamprey,5.8287,0
2013-12-15 03:06:55,jeffmeng,explosive rockfish,5.7966,0
2014-01-04 02:15:26,SBot,dead triggerfish,5.7829,0
2013-12-18 15:44:34,SUSAltd,hairy elffish,5.7642,0
2013-12-15 17:47:34,tmodi,awkward fangtooth,5.7272,0
2013-12-17 22:44:36,nguyen,festive winterfish,5.6928,0
2014-01-07 23:29:29,SUSAltd,red-hot leaffish,5.6839,1389166169409
2013-12-19 18:03:53,satrix,burning dragonfish,5.6649,0
2013-12-17 22:43:50,tetranoir,frosty jinglefish,5.6594,0
2013-12-18 19:08:05,jeffmeng,literary sleighfish,5.6302,0
2013-12-18 20:13:21,satrix,fallacious Christmasfish,5.6294,0
2014-01-08 02:52:33,SUSAltd,glowing gibberfish,5.6072,1389178353225
2013-12-16 16:42:51,SUSAltd,robotic Jewfish,5.6032,0
2014-01-08 01:34:09,jeffmeng,normal goosefish,5.5698,1389173649920
2013-12-16 17:05:46,SUSAltd,unanimous eagle ray,5.5546,0
2014-01-03 23:29:40,legoktm,lazy nwinfish,5.4989,0
2014-01-01 18:38:03,SUSAltd,burning coelacanth,5.4816,0
2013-12-20 17:09:34,tetranoir,frozen tinselfish,5.3859,0
2013-12-15 00:23:57,jeffmeng,bigeye hatchetfish,5.378,0
2013-12-14 02:37:46,SUSAltd,shiny carpsucker,5.3763,0
2013-12-19 22:02:38,caretcaret,gift-giving ornamentfish,5.3641,0
2013-12-14 02:23:31,SUSAltd,insidious smoothtongue,5.3413,0
2013-12-16 20:09:17,tmodi,icy elffish,5.33,0
2013-12-19 17:13:57,Zoraelphone,professional Santafish,5.3117,0
2014-01-07 23:16:27,SBot,Arctic cardinalfish,5.2837,1389165387571
2014-01-02 16:22:58,caretcaret,winged satrixfish,5.2717,0
2013-12-29 02:02:53,SUSAltd,frosty marblefish,5.2526,0
2013-12-20 16:33:12,SUSAltd,wintry flounder,5.2332,0
2013-12-28 20:34:51,SUSAltd,chilly gulper,5.2303,0
2013-12-28 01:13:50,SUSAltd,naughty nibblefish,5.1816,0
2014-01-02 14:10:22,caretcaret,secret quillfish,5.1754,0
2014-01-08 01:40:24,jeffmeng,spike-tailed pollyfish,5.1701,1389174024058
2013-12-17 20:13:42,jeffmeng,naughty reindeerfish,5.1574,0
2013-12-19 14:00:52,jeffmeng,merry barreleye,5.1397,0
2013-12-17 22:08:21,SUSAltd,snowy pilotfish,5.097,0
2013-12-19 01:58:41,tetranoir,African tinselfish,5.0719,0
2013-12-20 00:21:22,SUSAltd,scorched reindeerfish,5.0636,0
2013-12-19 16:28:20,jeffmeng,holly clownfish,5.0559,0
2013-12-15 13:38:03,SUSAltd,European pineconefish,5.0328,0
2013-12-14 23:10:35,jeffmeng,metal silverside,5.001,0
2013-12-19 01:11:19,jeffmeng,gift-giving ragfish,4.9297,0
2014-01-08 01:51:28,SUSAltd,steaming Mandarin fish,4.844,1389174688687
2013-12-18 21:21:49,jeffmeng,jolly man-of-war fish,4.842,0
2013-12-17 16:02:04,jeffmeng,professional jinglefish,4.7984,0
2013-12-17 20:26:28,jeffmeng,burning legofish,4.79,0
2013-12-19 16:53:41,caretcaret,frosty bandfish,4.6346,0
2013-12-15 16:43:53,tmodi,steamed pike,4.6045,0
2013-12-28 17:06:39,SUSAltd,jingling jinglefish,4.6012,0
2014-01-08 01:49:38,SBot,wise pigfish,4.5638,1389174578644
2013-12-18 20:17:48,satrix,happy platyfish,4.5,0
2014-01-08 02:42:06,SUSAltd,spiky jefffish,4.4997,1389177726520
2014-01-07 23:21:29,SUSAltd,explosive caretfish,4.4467,1389165689755
2013-12-19 18:39:31,SUSAltd,poisonous smelt,4.4099,0
2013-12-20 00:59:52,SUSAltd,holly Santafish,4.3828,0
2014-01-07 22:59:26,SUSAltd,rainbow pilotfish,4.3388,1389164366351
2013-12-19 21:50:33,caretcaret,holly manefish,4.2387,0
2013-12-16 18:46:14,SUSAltd,wintry tinselfish,4.2142,0
2013-12-20 01:51:00,SUSAltd,expressive ponyfish,4.1819,0
2013-12-19 14:29:03,SUSAltd,chocolate-covered killifish,4.121,0
2013-12-16 01:20:12,SUSAltd,delirious goldfish,4.0428,0
2013-12-14 02:27:16,SUSAltd,magical eel,3.8973,0
2013-12-17 21:49:00,SUSAltd,wiggly telescopefish,3.8737,0
2013-12-18 19:29:52,SUSAltd,steaming angelfish,3.8656,0
2013-12-22 15:24:13,SUSAltd,baby merry Christmasfish,3.2918,0
2013-12-16 18:36:56,jeffmeng,noxious minnow,3.2186,0
